<?xml version="1.0" encoding="UTF-8"?>
<process name="POST__export" ns2:processKey="bpel:6cc23b7c-f45a-11e4-b945-869d084cbfc5" targetNamespace="http://localhost:9905/quickbooks_int" xmlns="http://schemas.xmlsoap.org/ws/2003/03/business-process/" xmlns:ns10="http://soa.com/capabilities/service/virtualization/bpel/activity" xmlns:ns2="http://soa.com/bpel/ext" xmlns:ns3="http://soa.com/capabilities/service/virtualization/bpel" xmlns:ns4="http://schemas.xmlsoap.org/ws/2006/02/addressingidentity" xmlns:ns5="http://www.w3.org/2000/09/xmldsig#" xmlns:ns6="http://docs.oasis-open.org/wss/2004/01/oasis-200401-wss-wssecurity-secext-1.0.xsd" xmlns:ns7="http://docs.oasis-open.org/wss/2004/01/oasis-200401-wss-wssecurity-utility-1.0.xsd" xmlns:ns8="http://schemas.xmlsoap.org/ws/2004/09/mex" xmlns:ns9="http://schemas.xmlsoap.org/ws/2003/05/partner-link/"><ns9:partnerLinkType name="Quickbooks_to_DropBox_Integrator_PortTypeProvider"><ns9:role name="Provider"><ns9:portType name="ns11:Quickbooks_to_DropBox_Integrator_PortType" xmlns:ns11="http://localhost:9905/quickbooks_int"/></ns9:role></ns9:partnerLinkType><ns9:partnerLinkType name="ActivityPortTypeConsumer"><ns9:role name="Consumer"><ns9:portType name="ns10:ActivityPortType"/></ns9:role></ns9:partnerLinkType><ns10:Activities><ns10:Activity ActivityType="ns11:ProcessActivity" LastUpdated="1430962993671" Name="MainProcess" xmlns:ns11="http://soa.com/uri/products/activity/process/xsd/1.0"><ns5:ProcessActivity xmlns="http://soa.com/uri/products/activity/audit/xsd/1.0" xmlns:ns2="http://soa.com/uri/products/activity/script/xsd/1.0" xmlns:ns3="http://soa.com/uri/products/activity/stripxml/xsd/1.0" xmlns:ns4="http://soa.com/uri/products/activity/xform/xsd/1.0" xmlns:ns5="http://soa.com/uri/products/activity/process/xsd/1.0" xmlns:ns6="http://soa.com/uri/products/activity/insertxml/xsd/1.0" xmlns:ns7="http://soa.com/uri/products/activity/insertcontent/xsd/1.0"><ns5:ProcessID>bpel:613980fc-f45a-11e4-b945-869d084cbfc5</ns5:ProcessID></ns5:ProcessActivity></ns10:Activity></ns10:Activities><partnerLinks><partnerLink myRole="Quickbooks_to_DropBox_Integrator_PortType" name="initial" partnerLinkType="ns11:Quickbooks_to_DropBox_Integrator_PortTypeProvider" xmlns:ns11="http://localhost:9905/quickbooks_int"/><partnerLink myRole="Consumer" name="Activity" partnerLinkType="ns11:ActivityPortTypeConsumer" xmlns:ns11="http://localhost:9905/quickbooks_int"/></partnerLinks><variables><variable messageType="ns11:ActivityMessage" name="message" xmlns:ns11="http://soa.com/process/activity"/><variable messageType="ns11:ActivityMessage" name="fault" xmlns:ns11="http://soa.com/process/activity"/></variables><faultHandlers><catchAll><sequence><reply faultName="ns2:ExistingFault" name="FaultReply" operation="POST__export" partnerLink="initial" portType="ns11:Quickbooks_to_DropBox_Integrator_PortType" variable="fault" xmlns:ns11="http://localhost:9905/quickbooks_int"/></sequence></catchAll></faultHandlers><sequence><receive createInstance="yes" name="Receive" operation="POST__export" partnerLink="initial" portType="ns11:Quickbooks_to_DropBox_Integrator_PortType" variable="message" xmlns:ns11="http://localhost:9905/quickbooks_int"/><invoke inputVariable="message" name="MainProcess" operation="invoke" outputVariable="message" partnerLink="Activity" portType="ns10:ActivityPortType"><ns2:InvocationExt endpoint="MainProcess" propagateExchange="true" service="ns10:ActivityService"/></invoke><reply name="Reply" operation="POST__export" partnerLink="initial" portType="ns11:Quickbooks_to_DropBox_Integrator_PortType" variable="message" xmlns:ns11="http://localhost:9905/quickbooks_int"/></sequence></process>