<?xml version="1.0" encoding="UTF-8"?>
<ActivityGraph xmlns="http://soa.com/uri/products/activity/graph/xsd/1.0"><PositionElements><Position ActivityName="saveRequestKeys"><XPosition>100</XPosition><YPosition>150</YPosition></Position><Position ActivityName="getQBAccountDetails"><XPosition>230</XPosition><YPosition>150</YPosition></Position><Position ActivityName="createFileOnDB"><XPosition>360</XPosition><YPosition>150</YPosition></Position><Position ActivityName="Branch1"><XPosition>500</XPosition><YPosition>150</YPosition></Position><Position ActivityName="returnSuccess"><XPosition>630</XPosition><YPosition>150</YPosition></Position><Position ActivityName="returnFailure"><XPosition>490</XPosition><YPosition>250</YPosition></Position></PositionElements></ActivityGraph>