<?xml version="1.0" encoding="UTF-8"?>
<process name="GetQBAccountDetails" ns11:description="" ns11:name="GetQBAccountDetails" ns11:orgKey="uddi:62fa1250-f459-11e4-b945-869d084cbfc5" ns2:processKey="bpel:5168aacf-f45c-11e4-b945-869d084cbfc5" targetNamespace="http://soa.com/processs" xmlns="http://schemas.xmlsoap.org/ws/2003/03/business-process/" xmlns:ns10="http://soa.com/capabilities/service/virtualization/bpel/activity" xmlns:ns11="http://soa.com/bpel/export" xmlns:ns2="http://soa.com/bpel/ext" xmlns:ns3="http://soa.com/capabilities/service/virtualization/bpel" xmlns:ns4="http://schemas.xmlsoap.org/ws/2006/02/addressingidentity" xmlns:ns5="http://www.w3.org/2000/09/xmldsig#" xmlns:ns6="http://docs.oasis-open.org/wss/2004/01/oasis-200401-wss-wssecurity-secext-1.0.xsd" xmlns:ns7="http://docs.oasis-open.org/wss/2004/01/oasis-200401-wss-wssecurity-utility-1.0.xsd" xmlns:ns8="http://schemas.xmlsoap.org/ws/2004/09/mex" xmlns:ns9="http://schemas.xmlsoap.org/ws/2003/05/partner-link/"><ns9:partnerLinkType name="ActivityPortTypeConsumer"><ns9:role name="Consumer"><ns9:portType name="ns10:ActivityPortType"/></ns9:role></ns9:partnerLinkType><ns10:Activities><ns10:Activity ActivityType="ns12:ScriptedActivity" LastUpdated="1430968717397" Name="ConfigQBRequest" xmlns:ns12="http://soa.com/uri/products/activity/script/xsd/1.0"><ns2:ScriptedActivity xmlns="http://soa.com/uri/products/activity/audit/xsd/1.0" xmlns:ns11="http://soa.com/uri/products/activity/script/xsd/1.0" xmlns:ns2="http://soa.com/uri/products/activity/script/xsd/1.0" xmlns:ns3="http://soa.com/uri/products/activity/stripxml/xsd/1.0" xmlns:ns4="http://soa.com/uri/products/activity/xform/xsd/1.0" xmlns:ns5="http://soa.com/uri/products/activity/process/xsd/1.0" xmlns:ns6="http://soa.com/uri/products/activity/insertxml/xsd/1.0" xmlns:ns7="http://soa.com/uri/products/activity/insertcontent/xsd/1.0"><ns11:Language>js</ns11:Language><ns11:Script>// *************************************************************
// *************************************************************
// **
// **  HTTP request configuration Script
// **
// **  Creates the Message Object to be used by the Quickbooks API Hook
// **	 to get the details of the accounts for this Company_id
// **
// *************************************************************
// *************************************************************
auditLog.debug("Start Config Quickbooks Account Query");

//Create the queryRequest Request
var QBQuery = msgFactory.create();

//create the request query
var parmMap = {};
parmMap["query"] = "select name,CurrentBalance from Account";
var query = String(buildQueryString(parmMap,true));
auditLog.debug("query = " + query);
QBQuery.setProperty("com.soa.message.TRANSPORT_QUERY", query);

//Set the authKey Header
var key = processContext.getVariable("QBKey");
auditLog.debug("authKey is: "+key);
headers = QBQuery.createTransportHeaders();
headers.add("authKey",key);

//Set companyId path variable
var companyId = processContext.getVariable("CompanyID");
var paraprop = new java.util.HashMap();
paraprop.put("companyId", companyId);
QBQuery.setProperty("http.binding.path.params", paraprop);

//send the request
processContext.setVariable("QBQuery", QBQuery);

auditLog.debug("Done Config Quickbooks Account Query");</ns11:Script><ns11:Import>script:7768301a-f2b0-11e4-b945-869d084cbfc5</ns11:Import></ns2:ScriptedActivity></ns10:Activity><ns10:Activity ActivityType="ns12:ScriptedActivity" LastUpdated="1430968717397" Name="StoreResponse" xmlns:ns12="http://soa.com/uri/products/activity/script/xsd/1.0"><ns2:ScriptedActivity xmlns="http://soa.com/uri/products/activity/audit/xsd/1.0" xmlns:ns11="http://soa.com/uri/products/activity/script/xsd/1.0" xmlns:ns2="http://soa.com/uri/products/activity/script/xsd/1.0" xmlns:ns3="http://soa.com/uri/products/activity/stripxml/xsd/1.0" xmlns:ns4="http://soa.com/uri/products/activity/xform/xsd/1.0" xmlns:ns5="http://soa.com/uri/products/activity/process/xsd/1.0" xmlns:ns6="http://soa.com/uri/products/activity/insertxml/xsd/1.0" xmlns:ns7="http://soa.com/uri/products/activity/insertcontent/xsd/1.0"><ns11:Language>js</ns11:Language><ns11:Script>// *************************************************************
// *************************************************************
// **
// **  store the Quickbook Account Details
// **
// *************************************************************
// *************************************************************
auditLog.debug("start store Quickbook Account Details");

var msg = processContext.getVariable("QBResponse");

var content = msg.getContentAsString();
auditLog.debug("the content is: " + content);

if (content != null || content || undefined){
	processContext.setVariable("AccountDetails", content);
} else {
	processContext.setVariable("AccountDetails", "-1");
};

auditLog.debug("end store Quickbook Account Details");</ns11:Script></ns2:ScriptedActivity></ns10:Activity></ns10:Activities><ns9:partnerLinkType name="Quickbooks_API_Hook_PortTypeConsumer"><ns9:role name="Consumer"><ns9:portType name="ns12:Quickbooks_API_Hook_PortType" xmlns:ns12="https://quickbooks.api.intuit.com/v3"/></ns9:role></ns9:partnerLinkType><partnerLinks><partnerLink myRole="Consumer" name="Activity" partnerLinkType="ns12:ActivityPortTypeConsumer" xmlns:ns12="http://soa.com/processs"/><partnerLink myRole="Consumer" name="Quickbooks_API_Hook_PortTypePartnerLink" partnerLinkType="ns12:Quickbooks_API_Hook_PortTypeConsumer" xmlns:ns12="http://soa.com/processs"/></partnerLinks><variables><variable messageType="ns12:ActivityMessage" name="message" xmlns:ns12="http://soa.com/process/activity"/><variable messageType="ns12:ActivityMessage" name="fault" xmlns:ns12="http://soa.com/process/activity"/><variable messageType="ns12:ActivityMessage" name="QBQuery" xmlns:ns12="http://soa.com/process/activity"/><variable messageType="ns12:ActivityMessage" name="QBResponse" xmlns:ns12="http://soa.com/process/activity"/></variables><sequence><invoke inputVariable="message" name="ConfigQBRequest" operation="invoke" outputVariable="message" partnerLink="Activity" portType="ns10:ActivityPortType"><ns2:InvocationExt endpoint="ConfigQBRequest" propagateExchange="true" service="ns10:ActivityService"/></invoke><invoke inputVariable="QBQuery" name="AccountQuery" operation="GET__company__companyId__query" outputVariable="QBResponse" partnerLink="Quickbooks_API_Hook_PortTypePartnerLink" portType="ns12:Quickbooks_API_Hook_PortType" xmlns:ns12="https://quickbooks.api.intuit.com/v3"><ns2:InvocationExt service="ns12:Quickbooks_API_Hook_vs0"><ns2:Audit/></ns2:InvocationExt></invoke><invoke inputVariable="message" name="StoreResponse" operation="invoke" outputVariable="message" partnerLink="Activity" portType="ns10:ActivityPortType"><ns2:InvocationExt endpoint="StoreResponse" propagateExchange="true" service="ns10:ActivityService"/></invoke></sequence></process>