<?xml version="1.0" encoding="UTF-8"?>
<process name="CreateFileOnDB" ns11:description="" ns11:name="CreateFileOnDB" ns11:orgKey="uddi:62fa1250-f459-11e4-b945-869d084cbfc5" ns2:processKey="bpel:602cba2f-f45c-11e4-b945-869d084cbfc5" targetNamespace="http://soa.com/processs" xmlns="http://schemas.xmlsoap.org/ws/2003/03/business-process/" xmlns:ns10="http://soa.com/capabilities/service/virtualization/bpel/activity" xmlns:ns11="http://soa.com/bpel/export" xmlns:ns2="http://soa.com/bpel/ext" xmlns:ns3="http://soa.com/capabilities/service/virtualization/bpel" xmlns:ns4="http://schemas.xmlsoap.org/ws/2006/02/addressingidentity" xmlns:ns5="http://www.w3.org/2000/09/xmldsig#" xmlns:ns6="http://docs.oasis-open.org/wss/2004/01/oasis-200401-wss-wssecurity-secext-1.0.xsd" xmlns:ns7="http://docs.oasis-open.org/wss/2004/01/oasis-200401-wss-wssecurity-utility-1.0.xsd" xmlns:ns8="http://schemas.xmlsoap.org/ws/2004/09/mex" xmlns:ns9="http://schemas.xmlsoap.org/ws/2003/05/partner-link/"><ns9:partnerLinkType name="ActivityPortTypeConsumer"><ns9:role name="Consumer"><ns9:portType name="ns10:ActivityPortType"/></ns9:role></ns9:partnerLinkType><ns10:Activities><ns10:Activity ActivityType="ns12:ScriptedActivity" LastUpdated="1430975013772" Name="ConfigFileUpload" xmlns:ns12="http://soa.com/uri/products/activity/script/xsd/1.0"><ns2:ScriptedActivity xmlns="http://soa.com/uri/products/activity/audit/xsd/1.0" xmlns:ns11="http://soa.com/uri/products/activity/script/xsd/1.0" xmlns:ns2="http://soa.com/uri/products/activity/script/xsd/1.0" xmlns:ns3="http://soa.com/uri/products/activity/stripxml/xsd/1.0" xmlns:ns4="http://soa.com/uri/products/activity/xform/xsd/1.0" xmlns:ns5="http://soa.com/uri/products/activity/process/xsd/1.0" xmlns:ns6="http://soa.com/uri/products/activity/insertxml/xsd/1.0" xmlns:ns7="http://soa.com/uri/products/activity/insertcontent/xsd/1.0"><ns11:Language>js</ns11:Language><ns11:Script>// *************************************************************
// *************************************************************
// **
// **  HTTP request configuration Script
// **
// **  Creates the Message Object to be used by the Dropbox API Hook
// **	 to create the Acount Details file in Dropbox
// **
// *************************************************************
// *************************************************************
auditLog.debug("Start Config Post Dropbox Acount Details");

//Create new message for invoke
var dropboxMessage = msgFactory.create();

//Set path variables
var paraprop = new java.util.HashMap();
paraprop.put("root", "dropbox");
paraprop.put("path", encodeURIComponent(processContext.getVariable("FileName")));
dropboxMessage.setProperty("http.binding.path.params", paraprop);

processContext.setVariable("AddFolder", dropboxMessage);

auditLog.debug("Done Configuring Create Folder");

var boundary=Math.random().toString().substr(2);
var multiHeader = "multipart/form-data; charset=utf-8; boundary=" + boundary;

//insert the authKey header
var headers = dropboxMessage.createTransportHeaders()
headers.add("authKey", processContext.getVariable("DBKey"));

headers.add("Content-Type", multiHeader);

var file = new java.lang.String(processContext.getVariable("AccountDetails"));
var body = file;

/*lngth = new java.lang.String(body.length());
auditLog.debug("content length is: "+lngth);
headers.add("Content-Length", lngth);*/
dropboxMessage.setTransportHeaders(headers);

auditLog.debug("retreived file content is: "+file);

auditLog.debug("the request body is: "+body);

dropboxMessage.setStringContent(body);

processContext.setVariable("DropboxMessage", dropboxMessage);

auditLog.debug("Done Configuring Create Post Dropbox Acount Details");

</ns11:Script></ns2:ScriptedActivity></ns10:Activity><ns10:Activity ActivityType="ns12:ScriptedActivity" LastUpdated="1430975013772" Name="saveResult" xmlns:ns12="http://soa.com/uri/products/activity/script/xsd/1.0"><ns2:ScriptedActivity xmlns="http://soa.com/uri/products/activity/audit/xsd/1.0" xmlns:ns11="http://soa.com/uri/products/activity/script/xsd/1.0" xmlns:ns2="http://soa.com/uri/products/activity/script/xsd/1.0" xmlns:ns3="http://soa.com/uri/products/activity/stripxml/xsd/1.0" xmlns:ns4="http://soa.com/uri/products/activity/xform/xsd/1.0" xmlns:ns5="http://soa.com/uri/products/activity/process/xsd/1.0" xmlns:ns6="http://soa.com/uri/products/activity/insertxml/xsd/1.0" xmlns:ns7="http://soa.com/uri/products/activity/insertcontent/xsd/1.0"><ns11:Language>js</ns11:Language><ns11:Script>// *************************************************************
// *************************************************************
// **
// **  store the result of DB upload
// **
// *************************************************************
// *************************************************************
auditLog.debug("start store result of DB upload");

var msg = processContext.getVariable("DropboxResponse");

var content = JSON.parse(msg.getContentAsString());
auditLog.debug("the content is: " + JSON.stringify(content));

auditLog.debug("the FileName is: " + processContext.getVariable("FileName"));
auditLog.debug("the content.path is: " + String(content.path));
if (String(content.path) == "\/"+processContext.getVariable("FileName")){
	auditLog.debug("the result matched what was asked for");
	processContext.setVariable("Result", true);
} else {
	auditLog.debug("the result was a failure");
	processContext.setVariable("Result", false);
};

auditLog.debug("end store result of DB upload");</ns11:Script></ns2:ScriptedActivity></ns10:Activity></ns10:Activities><ns9:partnerLinkType name="Dropbox_Content_API_PortTypeConsumer"><ns9:role name="Consumer"><ns9:portType name="ns12:Dropbox_Content_API_PortType" xmlns:ns12="https://api-content.dropbox.com/1"/></ns9:role></ns9:partnerLinkType><partnerLinks><partnerLink myRole="Consumer" name="Activity" partnerLinkType="ns12:ActivityPortTypeConsumer" xmlns:ns12="http://soa.com/processs"/><partnerLink myRole="Consumer" name="Dropbox_Content_API_PortTypePartnerLink" partnerLinkType="ns12:Dropbox_Content_API_PortTypeConsumer" xmlns:ns12="http://soa.com/processs"/></partnerLinks><variables><variable messageType="ns12:ActivityMessage" name="message" xmlns:ns12="http://soa.com/process/activity"/><variable messageType="ns12:ActivityMessage" name="fault" xmlns:ns12="http://soa.com/process/activity"/><variable messageType="ns12:ActivityMessage" name="DropboxMessage" xmlns:ns12="http://soa.com/process/activity"/><variable messageType="ns12:ActivityMessage" name="DropboxResponse" xmlns:ns12="http://soa.com/process/activity"/></variables><sequence><invoke inputVariable="message" name="ConfigFileUpload" operation="invoke" outputVariable="message" partnerLink="Activity" portType="ns10:ActivityPortType"><ns2:InvocationExt endpoint="ConfigFileUpload" propagateExchange="true" service="ns10:ActivityService"/></invoke><invoke inputVariable="DropboxMessage" name="UploadFile" operation="PUT__files_put__root___path_" outputVariable="DropboxResponse" partnerLink="Dropbox_Content_API_PortTypePartnerLink" portType="ns12:Dropbox_Content_API_PortType" xmlns:ns12="https://api-content.dropbox.com/1"><ns2:InvocationExt service="ns12:Dropbox_Content_API_vs0"><ns2:Audit/></ns2:InvocationExt></invoke><invoke inputVariable="message" name="saveResult" operation="invoke" outputVariable="message" partnerLink="Activity" portType="ns10:ActivityPortType"><ns2:InvocationExt endpoint="saveResult" propagateExchange="true" service="ns10:ActivityService"/></invoke></sequence></process>