<?xml version="1.0" encoding="UTF-8"?>
<ExportConfiguration xmlns="http://www.soa.com/uri/products/ServiceManagerMigration/xsd/1.0" xmlns:ns10="http://soa.com/uri/products/IdentityAuthorization/xsd/1.0" xmlns:ns11="http://soa.com/uri/products/Policy/xsd/1.0" xmlns:ns12="http://digev.com/uri/products/AlertManager/xsd/1.0" xmlns:ns13="http://soa.com/uri/products/Contracts/xsd/1.0" xmlns:ns14="http://digev.com/uri/products/PolicyManager/xsd/1.0" xmlns:ns15="urn:uddi-org:sub_v3" xmlns:ns2="http://digev.com/uri/products/Types/xsd/1.0" xmlns:ns3="http://digev.com/uri/products/ManagementServer/xsd/1.0" xmlns:ns4="http://www.soa.com/uri/products/SLAPolicy/xsd/1.0" xmlns:ns5="urn:uddi-org:api_v3" xmlns:ns6="http://www.w3.org/2000/09/xmldsig#" xmlns:ns7="http://soa.com/uri/products/ServiceProperties/1.0" xmlns:ns8="http://soa.com/uri/products/ServiceEndpointProperties/1.0" xmlns:ns9="http://soa.com/uri/products/Organization/xsd/1.0"><SourceOrganization><ns2:Key>uddi:soa.com:registryorganization</ns2:Key></SourceOrganization><ExportObjectConfiguration><ns2:OrganizationKey><ns2:Key>uddi:62fa1250-f459-11e4-b945-869d084cbfc5</ns2:Key></ns2:OrganizationKey><ExportOrganization><ns9:Organization><ns9:OrganizationKey><ns2:Key>uddi:62fa1250-f459-11e4-b945-869d084cbfc5</ns2:Key></ns9:OrganizationKey><ns9:ParentKey><ns2:Key>uddi:soa.com:registryorganization</ns2:Key></ns9:ParentKey><ns9:Name>Quickbooks to DropBox Integrator</ns9:Name><ns9:Description></ns9:Description><ns9:OrganizationType>Project</ns9:OrganizationType></ns9:Organization><ns5:businessEntity businessKey="uddi:62fa1250-f459-11e4-b945-869d084cbfc5"><ns5:name>Quickbooks to DropBox Integrator</ns5:name><ns5:categoryBag><ns5:keyedReferenceGroup tModelKey="uddi:soa.com:organization:group"><ns5:keyedReference keyName="Organization type" keyValue="Project" tModelKey="uddi:soa.com:categorization:organizationtype"/></ns5:keyedReferenceGroup></ns5:categoryBag></ns5:businessEntity></ExportOrganization></ExportObjectConfiguration><ExportObjectConfiguration><ns2:ScriptKey><ns2:Key>script:7768301a-f2b0-11e4-b945-869d084cbfc5</ns2:Key></ns2:ScriptKey><ExportScript><ScriptUri>scripts/script_7768301a-f2b0-11e4-b945-869d084cbfc5.xml</ScriptUri><Name>BuildQueryString</Name><Description></Description><ScriptKey>script:7768301a-f2b0-11e4-b945-869d084cbfc5</ScriptKey><OrganizationKey>uddi:soa.com:registryorganization</OrganizationKey><Type>js</Type></ExportScript></ExportObjectConfiguration><ExportObjectConfiguration><ns2:ScriptKey><ns2:Key>script:afe0b18e-f465-11e4-b945-869d084cbfc5</ns2:Key></ns2:ScriptKey><ExportScript><ScriptUri>scripts/script_afe0b18e-f465-11e4-b945-869d084cbfc5.xml</ScriptUri><Name>ParseQueryParms</Name><Description></Description><ScriptKey>script:afe0b18e-f465-11e4-b945-869d084cbfc5</ScriptKey><OrganizationKey>uddi:soa.com:registryorganization</OrganizationKey><Type>js</Type></ExportScript></ExportObjectConfiguration><ExportObjectConfiguration><ns2:BpelKey><ns2:Key>bpel:613980fc-f45a-11e4-b945-869d084cbfc5</ns2:Key></ns2:BpelKey><ExportBpel><BpelUri>bpels/bpel_613980fc-f45a-11e4-b945-869d084cbfc5.xml</BpelUri></ExportBpel></ExportObjectConfiguration><ExportObjectConfiguration><ns2:BpelKey><ns2:Key>bpel:5168aacf-f45c-11e4-b945-869d084cbfc5</ns2:Key></ns2:BpelKey><ExportBpel><BpelUri>bpels/bpel_5168aacf-f45c-11e4-b945-869d084cbfc5.xml</BpelUri></ExportBpel></ExportObjectConfiguration><ExportObjectConfiguration><ns2:BpelKey><ns2:Key>bpel:602cba2f-f45c-11e4-b945-869d084cbfc5</ns2:Key></ns2:BpelKey><ExportBpel><BpelUri>bpels/bpel_602cba2f-f45c-11e4-b945-869d084cbfc5.xml</BpelUri></ExportBpel></ExportObjectConfiguration><ExportObjectConfiguration><ns2:BpelKey><ns2:Key>bpel:6cc23b7c-f45a-11e4-b945-869d084cbfc5</ns2:Key></ns2:BpelKey><ExportBpel><BpelUri>bpels/bpel_6cc23b7c-f45a-11e4-b945-869d084cbfc5.xml</BpelUri></ExportBpel></ExportObjectConfiguration><ExportObjectConfiguration><ns2:InterfaceKey><ns2:Key>uddi:73423b23-60ce-6509-0bb0-b1bafe600698</ns2:Key><ns2:InterfaceQName>{http://localhost:9905/quickbooks_int}Quickbooks_to_DropBox_Integrator_PortType</ns2:InterfaceQName></ns2:InterfaceKey><ExportInterface><ns5:tModel deleted="false" tModelKey="uddi:73423b23-60ce-6509-0bb0-b1bafe600698"><ns5:name>Quickbooks_to_DropBox_Integrator_PortType</ns5:name><ns5:categoryBag><ns5:keyedReference keyName="portType namespace" keyValue="http://localhost:9905/quickbooks_int" tModelKey="uddi:uddi.org:xml:namespace"/><ns5:keyedReference keyName="WSDL type" keyValue="portType" tModelKey="uddi:uddi.org:wsdl:types"/></ns5:categoryBag></ns5:tModel><InterfaceWsdlUri>wsdls/uddi_73423b23-60ce-6509-0bb0-b1bafe600698.wsdl</InterfaceWsdlUri></ExportInterface></ExportObjectConfiguration><ExportObjectConfiguration><ns2:BindingKey><ns2:Key>uddi:eb9468e7-a0d1-477b-8204-ab0a061396f6</ns2:Key><ns2:BindingQName>{http://localhost:9905/quickbooks_int}Quickbooks_to_DropBox_Integrator_Binding</ns2:BindingQName><ns2:BindingType>binding.http</ns2:BindingType></ns2:BindingKey><ExportBinding><ns5:tModel deleted="false" tModelKey="uddi:eb9468e7-a0d1-477b-8204-ab0a061396f6"><ns5:name>Quickbooks_to_DropBox_Integrator_Binding</ns5:name><ns5:categoryBag><ns5:keyedReference keyName="binding namespace" keyValue="http://localhost:9905/quickbooks_int" tModelKey="uddi:uddi.org:xml:namespace"/><ns5:keyedReference keyName="WSDL type" keyValue="binding" tModelKey="uddi:uddi.org:wsdl:types"/><ns5:keyedReference keyName="uddi-org:types" keyValue="wsdlSpec" tModelKey="uddi:uddi.org:categorization:types"/><ns5:keyedReference keyName="portType Reference" keyValue="uddi:73423b23-60ce-6509-0bb0-b1bafe600698" tModelKey="uddi:uddi.org:wsdl:porttypereference"/></ns5:categoryBag></ns5:tModel><BindingWsdlUri>wsdls/uddi_eb9468e7-a0d1-477b-8204-ab0a061396f6.wsdl</BindingWsdlUri></ExportBinding></ExportObjectConfiguration><ExportObjectConfiguration><ns2:ServiceKey><ns2:Key>uddi:e33b532d-f459-11e4-b945-869d084cbfc5</ns2:Key><ns2:ServiceQName>{http://localhost:9905/quickbooks_int}Quickbooks_to_DropBox_Integrator</ns2:ServiceQName></ns2:ServiceKey><ExportService><ns3:VirtualService BusinessKey="uddi:62fa1250-f459-11e4-b945-869d084cbfc5" ServiceKey="uddi:e33b532d-f459-11e4-b945-869d084cbfc5" WsdlServiceLocalName="Quickbooks_to_DropBox_Integrator" WsdlTargetNamespaceUrl="http://localhost:9905/quickbooks_int"><ns3:Name>Quickbooks_to_DropBox_Integrator</ns3:Name><ns3:Description></ns3:Description><ns3:Operations><ns3:LogicalOperation InterfaceName="{http://localhost:9905/quickbooks_int}Quickbooks_to_DropBox_Integrator_PortType" ManagementState="Enabled" NextHopOperationKey="uddi:c29cd829-dcce-11e4-bea5-dbead20d92c4$$${https://api-content.dropbox.com/1}Dropbox_Content_API_PortType$$$PUT__files_put__root___path_" NextHopOperationName="GET /company/{companyId}/query" NextHopServiceKey="uddi:bec6fc5e-f229-11e4-b945-869d084cbfc5" NextHopServiceName="Quickbooks_API_Hook_vs0" NumOfVirtualizedOperations="0" OperationKey="e3877761-f459-11e4-b945-869d084cbfc5" OperationLastUpdatedAt="2015-05-07T05:03:34.037Z" OperationName="POST /export" PolicyAvailable="true" ServiceKey="uddi:e33b532d-f459-11e4-b945-869d084cbfc5" WsdlOperationName="POST__export"><ns3:NextHopOperation InterfaceName="{https://quickbooks.api.intuit.com/v3}Quickbooks_API_Hook_PortType" OperationKey="bfdd2694-f229-11e4-b945-869d084cbfc5" OperationLastUpdatedAt="2015-05-05T03:31:09.797Z" OperationName="GET /company/{companyId}/query" ServiceKey="uddi:bec6fc5e-f229-11e4-b945-869d084cbfc5" ServiceName="Quickbooks_API_Hook_vs0" WsdlOperationName="GET__company__companyId__query"/></ns3:LogicalOperation></ns3:Operations></ns3:VirtualService><ns5:businessService businessKey="uddi:62fa1250-f459-11e4-b945-869d084cbfc5" serviceKey="uddi:e33b532d-f459-11e4-b945-869d084cbfc5"><ns5:name>Quickbooks_to_DropBox_Integrator</ns5:name><ns5:bindingTemplates><ns5:bindingTemplate bindingKey="uddi:e3bfc575-f459-11e4-b945-869d084cbfc5" serviceKey="uddi:e33b532d-f459-11e4-b945-869d084cbfc5"><ns5:accessPoint useType="endPoint">http://localhost:9905/quickbooks_int</ns5:accessPoint><ns5:tModelInstanceDetails><ns5:tModelInstanceInfo tModelKey="uddi:eb9468e7-a0d1-477b-8204-ab0a061396f6"><ns5:description>The wsdl:binding that this wsdl:port implements. The instanceParms specifies the port local name.</ns5:description><ns5:instanceDetails><ns5:instanceParms>HTTP</ns5:instanceParms></ns5:instanceDetails></ns5:tModelInstanceInfo><ns5:tModelInstanceInfo tModelKey="uddi:73423b23-60ce-6509-0bb0-b1bafe600698"><ns5:description>The wsdl:portType that this wsdl:port implements.</ns5:description></ns5:tModelInstanceInfo></ns5:tModelInstanceDetails><ns5:categoryBag><ns5:keyedReference keyName="WSDL type" keyValue="port" tModelKey="uddi:uddi.org:wsdl:types"/><ns5:keyedReferenceGroup tModelKey="uddi:soa.com:serviceendpoint:group"><ns5:keyedReference keyName="containerKey" keyValue="283b5d7c-b1dc-456d-ad3d-98cb1fc5" tModelKey="uddi:soa.com:serviceendpoint:containername"/><ns5:keyedReference keyName="listenerName" keyValue="default-http0" tModelKey="uddi:soa.com:serviceendpoint:listenername"/></ns5:keyedReferenceGroup></ns5:categoryBag></ns5:bindingTemplate></ns5:bindingTemplates><ns5:categoryBag><ns5:keyedReference keyName="Virtual Service" keyValue="Virtual Service" tModelKey="uddi:digev.com:categorization:services"/><ns5:keyedReference keyName="Design" keyValue="Design" tModelKey="uddi:soa.com:servicelifecyclestage"/><ns5:keyedReference keyName="WSDL type" keyValue="service" tModelKey="uddi:uddi.org:wsdl:types"/><ns5:keyedReference keyName="service namespace" keyValue="http://localhost:9905/quickbooks_int" tModelKey="uddi:uddi.org:xml:namespace"/><ns5:keyedReference keyName="service local name" keyValue="Quickbooks_to_DropBox_Integrator" tModelKey="uddi:uddi.org:xml:localname"/><ns5:keyedReference keyName="Managed Service" keyValue="Managed Service" tModelKey="uddi:digev.com:categorization:services"/><ns5:keyedReferenceGroup tModelKey="uddi:soa.com:service:group"><ns5:keyedReference keyName="WSDL Url" keyValue="Quickbooks to DropBox Integrator.raml" tModelKey="uddi:soa.com:wsdl:location"/></ns5:keyedReferenceGroup></ns5:categoryBag></ns5:businessService><ExportServiceEndpoint><ns8:ServiceEndpoint><ns8:ServiceKey>uddi:e33b532d-f459-11e4-b945-869d084cbfc5</ns8:ServiceKey><ns8:Name>uddi:e3bfc575-f459-11e4-b945-869d084cbfc5</ns8:Name><ns8:Url>http://localhost:9905/quickbooks_int</ns8:Url><ns8:BindingQName>{http://localhost:9905/quickbooks_int}Quickbooks_to_DropBox_Integrator_Binding</ns8:BindingQName><ns8:PortName>HTTP</ns8:PortName><ns8:Protocol>http</ns8:Protocol><ns8:ContainerKey>283b5d7c-b1dc-456d-ad3d-98cb1fc5</ns8:ContainerKey><ns8:ListenerName>default-http0</ns8:ListenerName></ns8:ServiceEndpoint><EndpointWsdlUri>wsdls/uddi_e3bfc575-f459-11e4-b945-869d084cbfc5.wsdl</EndpointWsdlUri></ExportServiceEndpoint><BpelUri>services/uddi_e33b532d-f459-11e4-b945-869d084cbfc5/bpel.xml</BpelUri><ManagementUri>services/uddi_e33b532d-f459-11e4-b945-869d084cbfc5/management.xml</ManagementUri></ExportService></ExportObjectConfiguration><ExportObjectConfiguration><ns2:ContractKey><ns2:Key>9e04d05d-f464-11e4-b945-869d084cbfc5</ns2:Key></ns2:ContractKey><ExportContract><ns13:Contract><ns13:ContractInfo Anonymous="true" Key="9e04d05d-f464-11e4-b945-869d084cbfc5:1033" Name="Anonymous" State="Active"><ns13:Description></ns13:Description><ns13:ProviderOrganizationKey>uddi:62fa1250-f459-11e4-b945-869d084cbfc5</ns13:ProviderOrganizationKey><ns2:EffectiveDateTimes><ns2:StartDateTime><ns2:DateTime>2015-05-07T02:55:00Z</ns2:DateTime><ns2:TimezoneName>UTC</ns2:TimezoneName></ns2:StartDateTime><ns2:EndDateTime><ns2:DateTime>2016-05-06T02:55:00Z</ns2:DateTime><ns2:TimezoneName>UTC</ns2:TimezoneName></ns2:EndDateTime><ns2:Expire>false</ns2:Expire></ns2:EffectiveDateTimes><ns13:ContractVersionInfo><ns13:LastModifiedTimestamp>2015-05-07Z</ns13:LastModifiedTimestamp><ns13:User>Local Domain\administrator</ns13:User><ns13:MetadataVersion>1</ns13:MetadataVersion><ns13:ActiveMetadataVersion>1</ns13:ActiveMetadataVersion></ns13:ContractVersionInfo><ns13:ContractType>service.contract</ns13:ContractType></ns13:ContractInfo><ns13:ContractScope><ns2:OrganizationKey>uddi:62fa1250-f459-11e4-b945-869d084cbfc5</ns2:OrganizationKey></ns13:ContractScope></ns13:Contract></ExportContract></ExportObjectConfiguration><ExportObjectConfiguration><ns2:IdentityKey><ns2:Key>Local Domain\dM6jAsTgr10xSdYOP08XfA==</ns2:Key><ns2:DomainName>Local Domain</ns2:DomainName><ns2:UserName>dM6jAsTgr10xSdYOP08XfA==</ns2:UserName></ns2:IdentityKey><ExportUserIdentity><ns14:User DomainName="Local Domain" UserName="dM6jAsTgr10xSdYOP08XfA=="><ns14:FullName>Service: uddi:e33b532d-f459-11e4-b945-869d084cbfc5</ns14:FullName><ns14:IdentityKey>urn:uuid:e340aa5e-f459-11e4-b945-869d084cbfc5</ns14:IdentityKey><ns14:Password>GQvIfhV/YAZYb8vqnh5vz8gboh/1pJX9atlaQiiS0OqIHs6TC/nupsFpV9QYBSTKtK3/GenByb0XY8eR8DIbcQ==</ns14:Password><ns14:Disabled>false</ns14:Disabled><ns14:ForcePwdResetOnNextLogin>false</ns14:ForcePwdResetOnNextLogin><ns14:Expired>false</ns14:Expired><ns14:ReadOnly>true</ns14:ReadOnly><ns14:PasswordFrmSeed>0</ns14:PasswordFrmSeed><ns14:OrganizationKey>uddi:soa.com:registryorganization</ns14:OrganizationKey><ns14:PasswordSalt>ZBN7soie2CefIY1P7BbtXzFVIcDj3qejKTCTmveDtxTAX3ybRYLQhiGDHxFU21dgtEwLTlPhMI3+h3o0MCvdJw==</ns14:PasswordSalt></ns14:User><PKIGenerated>true</PKIGenerated></ExportUserIdentity></ExportObjectConfiguration></ExportConfiguration>